monitoring_date,requests_created,bypass_exceptions,report_owner
2026-05-22,3,0,Access Governance
2026-05-23,1,0,Access Governance
2026-05-24,0,0,Access Governance
2026-05-25,2,0,Access Governance
2026-05-26,1,0,Access Governance
2026-05-27,0,0,Access Governance
2026-05-28,2,0,Access Governance
2026-05-29,1,0,Access Governance
2026-05-30,0,0,Access Governance
2026-05-31,2,0,Access Governance
2026-06-01,1,0,Access Governance
2026-06-02,0,0,Access Governance
2026-06-03,2,0,Access Governance
2026-06-04,1,0,Access Governance
2026-06-05,0,0,Access Governance
2026-06-06,1,0,Access Governance
2026-06-07,1,0,Access Governance
2026-06-08,0,0,Access Governance
2026-06-09,2,0,Access Governance
2026-06-10,1,0,Access Governance
